time,var_1,var_2
0.376419,78,73
0.380055,79,73
0.393403,79,74
0.381312,79,75
0.404466,80,74
0.380898,81,74
0.384167,81,73
0.383992,81,72
0.394985,82,72
0.384451,83,72
