time,var_1,var_2
0.307647,54,37
0.307405,54,36
0.306232,55,36
0.312176,55,35
0.318062,56,35
0.326891,57,35
0.309172,57,34
0.310006,56,34
0.325499,58,35
0.308758,55,34
