{
  "variables": [
    "var_1",
    "var_2"
  ],
  "importances_mean": [
    0.5403433608044456,
    0.4596566391955544
  ],
  "importances_std": [
    0.11198842085898257,
    0.0731955815977652
  ]
}