{
  "variables": [
    "var_1",
    "var_2"
  ],
  "importances_mean": [
    0.36078408463844724,
    0.6392159153615529
  ],
  "importances_std": [
    0.023976039559824074,
    0.034518027558598424
  ]
}