{
  "variables": [
    "var_1",
    "var_2",
    "var_3",
    "var_4",
    "var_5"
  ],
  "importances_mean": [
    0.3007978301992326,
    0.31649524906324306,
    0.32874068160087555,
    0.000934564434263648,
    0.05303167470238507
  ],
  "importances_std": [
    0.02270102217515382,
    0.016199162939679438,
    0.03951767818410865,
    9.973995273919303e-05,
    0.0036868429106559006
  ],
  "statistics": {
    "sample_count": 512,
    "coverage": 3.033528358950528e-07,
    "min": {
      "time": 0.061959,
      "config_ints": [
        149,
        0,
        0,
        30,
        0
      ],
      "config_values": [
        "--width 213",
        "--height 64",
        "--generations 10",
        "--density 35",
        "--wraparound 0"
      ]
    },
    "max": {
      "time": 0.712225,
      "config_ints": [
        447,
        447,
        90,
        45,
        1
      ],
      "config_values": [
        "--width 511",
        "--height 511",
        "--generations 100",
        "--density 50",
        "--wraparound 1"
      ]
    },
    "mean": 0.15928005273437498,
    "median": 0.11078299999999999,
    "q1": 0.07994,
    "q3": 0.190071,
    "iqr": 0.11013099999999999,
    "low_outliers": {
      "count": 0,
      "threshold": -0.0852565,
      "configs": []
    },
    "high_outliers": {
      "count": 32,
      "threshold": 0.35526749999999996,
      "configs": [
        {
          "time": 0.712225,
          "config_ints": [
            447,
            447,
            90,
            45,
            1
          ],
          "config_values": [
            "--width 511",
            "--height 511",
            "--generations 100",
            "--density 50",
            "--wraparound 1"
          ]
        },
        {
          "time": 0.711823,
          "config_ints": [
            447,
            447,
            90,
            15,
            1
          ],
          "config_values": [
            "--width 511",
            "--height 511",
            "--generations 100",
            "--density 20",
            "--wraparound 1"
          ]
        },
        {
          "time": 0.6962,
          "config_ints": [
            447,
            447,
            90,
            0,
            1
          ],
          "config_values": [
            "--width 511",
            "--height 511",
            "--generations 100",
            "--density 5",
            "--wraparound 1"
          ]
        },
        {
          "time": 0.695647,
          "config_ints": [
            447,
            447,
            90,
            30,
            1
          ],
          "config_values": [
            "--width 511",
            "--height 511",
            "--generations 100",
            "--density 35",
            "--wraparound 1"
          ]
        },
        {
          "time": 0.53996,
          "config_ints": [
            447,
            298,
            90,
            15,
            1
          ],
          "config_values": [
            "--width 511",
            "--height 362",
            "--generations 100",
            "--density 20",
            "--wraparound 1"
          ]
        },
        {
          "time": 0.524168,
          "config_ints": [
            298,
            447,
            90,
            0,
            1
          ],
          "config_values": [
            "--width 362",
            "--height 511",
            "--generations 100",
            "--density 5",
            "--wraparound 1"
          ]
        },
        {
          "time": 0.524032,
          "config_ints": [
            298,
            447,
            90,
            15,
            1
          ],
          "config_values": [
            "--width 362",
            "--height 511",
            "--generations 100",
            "--density 20",
            "--wraparound 1"
          ]
        },
        {
          "time": 0.523796,
          "config_ints": [
            447,
            298,
            90,
            30,
            1
          ],
          "config_values": [
            "--width 511",
            "--height 362",
            "--generations 100",
            "--density 35",
            "--wraparound 1"
          ]
        },
        {
          "time": 0.523143,
          "config_ints": [
            447,
            298,
            90,
            0,
            1
          ],
          "config_values": [
            "--width 511",
            "--height 362",
            "--generations 100",
            "--density 5",
            "--wraparound 1"
          ]
        },
        {
          "time": 0.521588,
          "config_ints": [
            298,
            447,
            90,
            45,
            1
          ],
          "config_values": [
            "--width 362",
            "--height 511",
            "--generations 100",
            "--density 50",
            "--wraparound 1"
          ]
        },
        {
          "time": 0.521463,
          "config_ints": [
            447,
            447,
            60,
            45,
            1
          ],
          "config_values": [
            "--width 511",
            "--height 511",
            "--generations 70",
            "--density 50",
            "--wraparound 1"
          ]
        },
        {
          "time": 0.50789,
          "config_ints": [
            298,
            447,
            90,
            30,
            1
          ],
          "config_values": [
            "--width 362",
            "--height 511",
            "--generations 100",
            "--density 35",
            "--wraparound 1"
          ]
        },
        {
          "time": 0.507639,
          "config_ints": [
            447,
            447,
            60,
            15,
            1
          ],
          "config_values": [
            "--width 511",
            "--height 511",
            "--generations 70",
            "--density 20",
            "--wraparound 1"
          ]
        },
        {
          "time": 0.506854,
          "config_ints": [
            447,
            447,
            60,
            30,
            1
          ],
          "config_values": [
            "--width 511",
            "--height 511",
            "--generations 70",
            "--density 35",
            "--wraparound 1"
          ]
        },
        {
          "time": 0.506493,
          "config_ints": [
            447,
            298,
            90,
            45,
            1
          ],
          "config_values": [
            "--width 511",
            "--height 362",
            "--generations 100",
            "--density 50",
            "--wraparound 1"
          ]
        },
        {
          "time": 0.506197,
          "config_ints": [
            447,
            447,
            60,
            0,
            1
          ],
          "config_values": [
            "--width 511",
            "--height 511",
            "--generations 70",
            "--density 5",
            "--wraparound 1"
          ]
        },
        {
          "time": 0.476506,
          "config_ints": [
            447,
            447,
            90,
            15,
            0
          ],
          "config_values": [
            "--width 511",
            "--height 511",
            "--generations 100",
            "--density 20",
            "--wraparound 0"
          ]
        },
        {
          "time": 0.476343,
          "config_ints": [
            447,
            447,
            90,
            30,
            0
          ],
          "config_values": [
            "--width 511",
            "--height 511",
            "--generations 100",
            "--density 35",
            "--wraparound 0"
          ]
        },
        {
          "time": 0.475793,
          "config_ints": [
            447,
            447,
            90,
            45,
            0
          ],