{
  "variables": [
    "var_1",
    "var_2"
  ],
  "importances_mean": [
    0.4221772599201013,
    0.5778227400798986
  ],
  "importances_std": [
    0.020202283239516033,
    0.02514609100782142
  ],
  "statistics": {
    "sample_count": 838,
    "coverage": 0.08214880894029997,
    "min": {
      "time": 0.062598,
      "config_ints": [
        50,
        50
      ],
      "config_values": [
        "--a 0",
        "--b 0"
      ]
    },
    "max": {
      "time": 0.251677,
      "config_ints": [
        9,
        58
      ],
      "config_values": [
        "--a -41",
        "--b 8"
      ]
    },
    "mean": 0.16359870644391405,
    "median": 0.17222500000000002,
    "q1": 0.140447,
    "q3": 0.18959575,
    "iqr": 0.04914875000000002,
    "low_outliers": {
      "count": 1,
      "threshold": 0.06672387499999996,
      "configs": [
        {
          "time": 0.062598,
          "config_ints": [
            50,
            50
          ],
          "config_values": [
            "--a 0",
            "--b 0"
          ]
        }
      ]
    },
    "high_outliers": {
      "count": 0,
      "threshold": 0.26331887500000006,
      "configs": []
    }
  }
}