{
  "variables": [
    "var_1",
    "var_2"
  ],
  "importances_mean": [
    0.42243640620761197,
    0.5775635937923881
  ],
  "importances_std": [
    0.01439388372104856,
    0.02004979525551382
  ],
  "statistics": {
    "sample_count": 922,
    "coverage": 0.0903832957553181,
    "min": {
      "time": 0.063231,
      "config_ints": [
        50,
        50
      ],
      "config_values": [
        "--a 0",
        "--b 0"
      ]
    },
    "max": {
      "time": 0.235656,
      "config_ints": [
        95,
        60
      ],
      "config_values": [
        "--a 45",
        "--b 10"
      ]
    },
    "mean": 0.1639951388286334,
    "median": 0.17261,
    "q1": 0.1414875,
    "q3": 0.18913825,
    "iqr": 0.04765075000000002,
    "low_outliers": {
      "count": 1,
      "threshold": 0.07001137499999996,
      "configs": [
        {
          "time": 0.063231,
          "config_ints": [
            50,
            50
          ],
          "config_values": [
            "--a 0",
            "--b 0"
          ]
        }
      ]
    },
    "high_outliers": {
      "count": 0,
      "threshold": 0.26061437500000006,
      "configs": []
    }
  }
}