{
  "variables": [
    "var_1",
    "var_2",
    "var_3",
    "var_4",
    "var_5"
  ],
  "importances_mean": [
    0.255657623972667,
    0.32949325395016354,
    0.17469178270665262,
    0.13675225124206056,
    0.10340508812845627
  ],
  "importances_std": [
    0.005726822080463738,
    0.00571930416606706,
    0.005598069877424003,
    0.0027121561589157875,
    0.0025454995160224454
  ],
  "statistics": {
    "sample_count": 7776,
    "coverage": 3.205218029000224e-17,
    "min": {
      "time": 0.059804,
      "config_ints": [
        0,
        29700,
        597,
        995,
        399998
      ],
      "config_values": [
        "--vertices 100",
        "--edges 30200",
        "--source 597",
        "--target 995",
        "--seed 399999"
      ]
    },
    "max": {
      "time": 0.110104,
      "config_ints": [
        3920,
        29700,
        398,
        796,
        199999
      ],
      "config_values": [
        "--vertices 4020",
        "--edges 30200",
        "--source 398",
        "--target 796",
        "--seed 200000"
      ]
    },
    "mean": 0.06738956314300411,
    "median": 0.063806,
    "q1": 0.06297,
    "q3": 0.077465,
    "iqr": 0.014495000000000008,
    "low_outliers": {
      "count": 0,
      "threshold": 0.041227499999999986,
      "configs": []
    },
    "high_outliers": {
      "count": 2,
      "threshold": 0.09920750000000002,
      "configs": [
        {
          "time": 0.110104,
          "config_ints": [
            3920,
            29700,
            398,
            796,
            199999
          ],
          "config_values": [
            "--vertices 4020",
            "--edges 30200",
            "--source 398",
            "--target 796",
            "--seed 200000"
          ]
        },
        {
          "time": 0.109384,
          "config_ints": [
            3920,
            29700,
            398,
            0,
            799996
          ],
          "config_values": [
            "--vertices 4020",
            "--edges 30200",
            "--source 398",
            "--target 0",
            "--seed 799997"
          ]
        }
      ]
    }
  }
}