{
  "variables": [
    "var_1",
    "var_2"
  ],
  "importances_mean": [
    0.5071547290361821,
    0.49284527096381786
  ],
  "importances_std": [
    0.06680255076789056,
    0.0855329605944002
  ]
}