{
  "variables": [
    "var_1",
    "var_2"
  ],
  "importances_mean": [
    0.5065474046804638,
    0.4934525953195363
  ],
  "importances_std": [
    0.0244928340947627,
    0.025175830273988748
  ]
}