{
  "variables": [
    "var_1",
    "var_2"
  ],
  "importances_mean": [
    0.7438309977861726,
    0.2561690022138275
  ],
  "importances_std": [
    0.18883190088834748,
    0.12661755630162114
  ],
  "statistics": {
    "sample_count": 9,
    "coverage": 7.46738619081163e-06,
    "min": {
      "time": 0.061884,
      "config_ints": [
        2500,
        0
      ],
      "config_values": [
        "--a 7500",
        "--b 16"
      ]
    },
    "max": {
      "time": 0.078843,
      "config_ints": [
        0,
        0
      ],
      "config_values": [
        "--a 5000",
        "--b 16"
      ]
    },
    "mean": 0.0669141111111111,
    "median": 0.063842,
    "q1": 0.063728,
    "q3": 0.064078,
    "iqr": 0.0003499999999999892,
    "low_outliers": {
      "count": 1,
      "threshold": 0.06320300000000002,
      "configs": [
        {
          "time": 0.061884,
          "config_ints": [
            2500,
            0
          ],
          "config_values": [
            "--a 7500",
            "--b 16"
          ]
        }
      ]
    },
    "high_outliers": {
      "count": 2,
      "threshold": 0.06460299999999998,
      "configs": [
        {
          "time": 0.078843,
          "config_ints": [
            0,
            0
          ],
          "config_values": [
            "--a 5000",
            "--b 16"
          ]
        },
        {
          "time": 0.078423,
          "config_ints": [
            0,
            120
          ],
          "config_values": [
            "--a 5000",
            "--b 136"
          ]
        }
      ]
    }
  }
}