time,var_1_int,var_2_int,var_1_value,var_2_value
0.078843,0,0,--a 5000,--b 16
0.078423,0,120,--a 5000,--b 136
0.063842,0,240,--a 5000,--b 256
0.061884,2500,0,--a 7500,--b 16
0.063728,2500,120,--a 7500,--b 136
0.06372,2500,240,--a 7500,--b 256
0.0638,5000,0,--a 10000,--b 16
0.063909,5000,120,--a 10000,--b 136
0.064078,5000,240,--a 10000,--b 256
