{
  "variables": [
    "var_1",
    "var_2"
  ],
  "importances_mean": [
    0.9516742733797557,
    0.048325726620244244
  ],
  "importances_std": [
    0.35313123304931604,
    0.032269420106161434
  ],
  "statistics": {
    "sample_count": 9,
    "coverage": 7.46738619081163e-06,
    "min": {
      "time": 0.07686,
      "config_ints": [
        0,
        240
      ],
      "config_values": [
        "--a 5000",
        "--b 256"
      ]
    },
    "max": {
      "time": 0.109397,
      "config_ints": [
        5000,
        120
      ],
      "config_values": [
        "--a 10000",
        "--b 136"
      ]
    },
    "mean": 0.08728533333333334,
    "median": 0.079854,
    "q1": 0.078084,
    "q3": 0.09579,
    "iqr": 0.017706,
    "low_outliers": {
      "count": 0,
      "threshold": 0.051525,
      "configs": []
    },
    "high_outliers": {
      "count": 0,
      "threshold": 0.122349,
      "configs": []
    }
  }
}