time,var_1_int,var_2_int,var_1_value,var_2_value
0.078084,0,0,--a 5000,--b 16
0.080995,0,120,--a 5000,--b 136
0.07686,0,240,--a 5000,--b 256
0.078979,2500,0,--a 7500,--b 16
0.079854,2500,120,--a 7500,--b 136
0.076962,2500,240,--a 7500,--b 256
0.108647,5000,0,--a 10000,--b 16
0.109397,5000,120,--a 10000,--b 136
0.09579,5000,240,--a 10000,--b 256
