{
  "variables": [
    "var_1",
    "var_2"
  ],
  "importances_mean": [
    0.2833083021472749,
    0.716691697852725
  ],
  "importances_std": [
    0.011026984710243385,
    0.028225352920246288
  ]
}