{
  "variables": [
    "var_1",
    "var_2"
  ],
  "importances_mean": [
    0.5958110683316785,
    0.4041889316683214
  ],
  "importances_std": [
    0.022224484699092703,
    0.02419819680551689
  ]
}